,file_name,raga
0,1.png,bhairav
1,2.png,bhairav
2,3.png,bhairav
3,4.png,bhairav
4,5.png,bhairav
5,6.png,bhairav
6,7.png,bhairav
7,8.png,bhairav
8,9.png,bhairav
9,10.png,bhairav
10,11.png,bhairav
11,12.png,bhairav
12,13.png,bhairav
13,14.png,bhairav
14,15.png,bhairav
15,16.png,bhairav
16,17.png,bhairav
17,18.png,bhairav
18,19.png,bhairav
19,20.png,bhairav
20,21.png,bhairav
21,22.png,bhairav
22,23.png,bhairav
23,24.png,bhairav
24,25.png,bhairav
25,26.png,bhairav
26,27.png,bhairav
27,28.png,bhairav
28,29.png,bhairav
29,30.png,bhairav
30,31.png,bhairav
31,32.png,bhairav
32,33.png,bhairav
33,34.png,bhairav
34,35.png,bhairav
35,36.png,bhairav
36,37.png,bhairav
37,38.png,bhairav
38,39.png,bhairav
39,40.png,bhairav
40,41.png,bhairav
41,42.png,bhairav
42,43.png,bhairav
43,44.png,bhairav
44,45.png,bhairav
45,46.png,bhairav
46,47.png,bhairav
47,48.png,bhairav
48,49.png,bhairav
49,50.png,bhairav
50,51.png,bhairav
51,52.png,bhairav
52,53.png,bhairav
53,54.png,bhairav
54,55.png,bhairav
55,56.png,bhairav
56,57.png,bhairav
57,58.png,bhairav
58,59.png,bhairav
59,60.png,bhairav
60,61.png,bhairav
61,62.png,bhairav
62,63.png,bhairav
63,64.png,bhairav
64,65.png,bhairav
65,66.png,bhairav
66,67.png,bhairav
67,68.png,bhairav
68,69.png,bhairav
69,70.png,bhairav
70,71.png,bhairav
71,72.png,bhairav
72,73.png,bhairav
73,74.png,bhairav
74,75.png,bhairav
75,76.png,bhairav
76,77.png,bhairav
77,78.png,bhairav
78,79.png,bhairav
79,80.png,bhairav
80,81.png,bhairav
81,82.png,bhairav
82,83.png,bhairav
83,84.png,bhairav
84,85.png,bhairav
85,86.png,bhairav
86,87.png,bhairav
87,88.png,bhairav
88,89.png,bhairav
89,90.png,bhairav
90,91.png,bhairav
91,92.png,bhairav
92,93.png,bhairav
93,94.png,bhairav
94,95.png,bhairav
95,96.png,bhairav
96,97.png,bhairav
97,98.png,bhairav
98,99.png,bhairav
99,100.png,bhairav
100,101.png,bhairav
101,102.png,bhairav
102,103.png,bhairav
103,104.png,bhairav
104,105.png,bhairav
105,106.png,bhairav
106,107.png,bhairav
107,108.png,bhairav
108,109.png,bhairav
109,110.png,bhairav
110,111.png,bhairav
111,112.png,bhairav
112,113.png,bhairav
113,114.png,bhairav
114,115.png,bhairav
115,116.png,bhairav
116,117.png,bhairav
117,118.png,bhairav
118,119.png,bhairav
119,120.png,bhairav
120,121.png,bhairav
121,122.png,bhairav
122,123.png,bhairav
123,124.png,bhairav
124,125.png,bhairav
125,126.png,bhairav
126,127.png,bhairav
127,128.png,bhairav
128,129.png,bhairav
129,130.png,bhairav
130,131.png,bhairav
131,132.png,bhairav
132,133.png,bhairav
133,134.png,bhairav
134,135.png,bhairav
135,136.png,bhairav
136,137.png,bhairav
137,138.png,bhairav
138,139.png,bhairav
139,140.png,bhairav
140,141.png,bhairav
141,142.png,bhairav
142,143.png,bhairav
143,144.png,bhairav
144,145.png,bhairav
145,146.png,bhairav
146,147.png,bhairav
147,148.png,bhairav
148,149.png,bhairav
149,150.png,bhairav
150,151.png,bhairav
151,152.png,bhairav
152,153.png,bhairav
153,154.png,bhairav
154,155.png,bhairav
155,156.png,bhairav
156,157.png,bhairav
157,158.png,bhairav
158,159.png,bhairav
159,160.png,bhairav
160,161.png,bhairav
161,162.png,bhairav
162,163.png,bhairav
163,164.png,bhairav
164,165.png,bhairav
165,166.png,bhairav
166,167.png,bhairav
167,168.png,bhairav
168,169.png,bhairav
169,170.png,bhairav
170,171.png,bhairav
171,172.png,bhairav
172,173.png,bhairav
173,174.png,bhairav
174,175.png,bhairav
175,176.png,bhairav
176,177.png,bhairav
177,178.png,bhairav
178,179.png,bhairav
179,180.png,bhairav
180,181.png,bhairav
181,182.png,bhairav
182,183.png,bhairav
183,184.png,bhairav
184,185.png,bhairav
185,186.png,bhairav
186,187.png,bhairav
187,188.png,bhairav
188,189.png,bhairav
189,190.png,bhairav
190,191.png,bhairav
191,192.png,bhairav
192,193.png,bhairav
193,194.png,bhairav
194,195.png,bhairav
195,196.png,bhairav
196,197.png,bhairav
197,198.png,bhairav
198,199.png,bhairav
199,200.png,bhairav
200,201.png,bhairav
201,202.png,bhairav
202,203.png,bhup
203,204.png,bhup
204,205.png,bhup
205,206.png,bhup
206,207.png,bhup
207,208.png,bhup
208,209.png,bhup
209,210.png,bhup
210,211.png,bhup
211,212.png,bhup
212,213.png,bhup
213,214.png,bhup
214,215.png,bhup
215,216.png,bhup
216,217.png,bhup
217,218.png,bhup
218,219.png,bhup
219,220.png,bhup
220,221.png,bhup
221,222.png,bhup
222,223.png,bhup
223,224.png,bhup
224,225.png,bhup
225,226.png,bhup
226,227.png,bhup
227,228.png,bhup
228,229.png,bhup
229,230.png,bhup
230,231.png,bhup
231,232.png,bhup
232,233.png,bhup
233,234.png,bhup
234,235.png,bhup
235,236.png,bhup
236,237.png,bhup
237,238.png,bhup
238,239.png,bhup
239,240.png,bhup
240,241.png,bhup
241,242.png,bhup
242,243.png,bhup
243,244.png,bhup
244,245.png,bhup
245,246.png,bhup
246,247.png,bhup
247,248.png,bhup
248,249.png,bhup
249,250.png,bhup
250,251.png,bhup
251,252.png,bhup
252,253.png,bhup
253,254.png,bhup
254,255.png,bhup
255,256.png,bhup
256,257.png,bhup
257,258.png,bhup
258,259.png,bhup
259,260.png,bhup
260,261.png,bhup
261,262.png,bhup
262,263.png,bhup
263,264.png,bhup
264,265.png,bhup
265,266.png,bhup
266,267.png,bhup
267,268.png,bhup
268,269.png,bhup
269,270.png,bhup
270,271.png,bhup
271,272.png,bhup
272,273.png,bhup
273,274.png,bhup
274,275.png,bhup
275,276.png,bhup
276,277.png,bhup
277,278.png,bhup
278,279.png,bhup
279,280.png,bhup
280,281.png,bhup
281,282.png,bhup
282,283.png,bhup
283,284.png,bhup
284,285.png,bhup
285,286.png,bhup
286,287.png,bhup
287,288.png,bhup
288,289.png,bhup
289,290.png,bhup
290,291.png,bhup
291,292.png,bhup
292,293.png,bhup
293,294.png,bhup
294,295.png,bhup
295,296.png,bhup
296,297.png,bhup
297,298.png,bhup
298,299.png,bhup
299,300.png,bhup
300,301.png,bhup
301,302.png,bhup
302,303.png,bhup
303,304.png,bhup
304,305.png,bhup
305,306.png,bhup
306,307.png,bhup
307,308.png,bhup
308,309.png,bhup
309,310.png,bhup
310,311.png,bhup
311,312.png,bhup
312,313.png,bhup
313,314.png,bhup
314,315.png,bhup
315,316.png,bhup
316,317.png,bhup
317,318.png,bhup
318,319.png,bhup
319,320.png,bhup
320,321.png,bhup
321,322.png,bhup
322,323.png,bhup
323,324.png,bhup
324,325.png,bhup
325,326.png,bhup
326,327.png,bhup
327,328.png,bhup
328,329.png,bhup
329,330.png,bhup
330,331.png,bhup
331,332.png,bhup
332,333.png,bhup
333,334.png,bhup
334,335.png,bhup
335,336.png,bhup
336,337.png,bhup
337,338.png,bhup
338,339.png,bhup
339,340.png,bhup
340,341.png,bhup
341,342.png,bhup
342,343.png,bhup
343,344.png,bhup
344,345.png,bhup
345,346.png,bhup
346,347.png,bhup
347,348.png,bhup
348,349.png,bhup
349,350.png,bhup
350,351.png,bhup
351,352.png,bhup
352,353.png,bhup
353,354.png,bhup
354,355.png,bhup
355,356.png,bhup
356,357.png,bhup
357,358.png,bhup
358,359.png,bhup
359,360.png,bhup
360,361.png,bhup
361,362.png,bhup
362,363.png,bhup
363,364.png,bhup
364,365.png,bhup
365,366.png,bhup
366,367.png,bhup
367,368.png,bhup
368,369.png,bhup
369,370.png,bhup
370,371.png,bhup
371,372.png,bhup
372,373.png,bhup
373,374.png,bhup
374,375.png,bhup
375,376.png,bhup
376,377.png,bhup
377,378.png,bhup
378,379.png,bhup
379,380.png,bhup
380,381.png,bhup
381,382.png,bhup
382,383.png,bhup
383,384.png,bhup
384,385.png,bhup
385,386.png,des
386,387.png,des
387,388.png,des
388,389.png,des
389,390.png,des
390,391.png,des
391,392.png,des
392,393.png,des
393,394.png,des
394,395.png,des
395,396.png,des
396,397.png,des
397,398.png,des
398,399.png,des
399,400.png,des
400,401.png,des
401,402.png,des
402,403.png,des
403,404.png,des
404,405.png,des
405,406.png,des
406,407.png,des
407,408.png,des
408,409.png,des
409,410.png,des
410,411.png,des
411,412.png,des
412,413.png,des
413,414.png,des
414,415.png,des
415,416.png,des
416,417.png,des
417,418.png,des
418,419.png,des
419,420.png,des
420,421.png,des
421,422.png,des
422,423.png,des
423,424.png,des
424,425.png,des
425,426.png,des
426,427.png,des
427,428.png,des
428,429.png,des
429,430.png,des
430,431.png,des
431,432.png,des
432,433.png,des
433,434.png,des
434,435.png,des
435,436.png,des
436,437.png,des
437,438.png,des
438,439.png,des
439,440.png,des
440,441.png,des
441,442.png,des
442,443.png,des
443,444.png,des
444,445.png,des
445,446.png,des
446,447.png,des
447,448.png,des
448,449.png,des
449,450.png,des
450,451.png,des
451,452.png,des
452,453.png,des
453,454.png,des
454,455.png,des
455,456.png,des
456,457.png,des
457,458.png,des
458,459.png,des
459,460.png,des
460,461.png,des
461,462.png,des
462,463.png,des
463,464.png,des
464,465.png,des
465,466.png,des
466,467.png,des
467,468.png,des
468,469.png,des
469,470.png,des
470,471.png,des
471,472.png,des
472,473.png,des
473,474.png,des
474,475.png,des
475,476.png,des
476,477.png,des
477,478.png,des
478,479.png,des
479,480.png,des
480,481.png,des
481,482.png,des
482,483.png,des
483,484.png,des
484,485.png,des
485,486.png,des
486,487.png,des
487,488.png,des
488,489.png,des
489,490.png,des
490,491.png,des
491,492.png,des
492,493.png,des
493,494.png,des
494,495.png,des
495,496.png,des
496,497.png,des
497,498.png,des
498,499.png,des
499,500.png,des
500,501.png,des
501,502.png,des
502,503.png,des
503,504.png,des
504,505.png,des
505,506.png,des
506,507.png,des
507,508.png,des
508,509.png,des
509,510.png,des
510,511.png,des
511,512.png,des
512,513.png,des
513,514.png,des
514,515.png,des
515,516.png,des
516,517.png,des
517,518.png,des
518,519.png,des
519,520.png,des
520,521.png,des
521,522.png,des
522,523.png,yaman
523,524.png,yaman
524,525.png,yaman
525,526.png,yaman
526,527.png,yaman
527,528.png,yaman
528,529.png,yaman
529,530.png,yaman
530,531.png,yaman
531,532.png,yaman
532,533.png,yaman
533,534.png,yaman
534,535.png,yaman
535,536.png,yaman
536,537.png,yaman
537,538.png,yaman
538,539.png,yaman
539,540.png,yaman
540,541.png,yaman
541,542.png,yaman
542,543.png,yaman
543,544.png,yaman
544,545.png,yaman
545,546.png,yaman
546,547.png,yaman
547,548.png,yaman
548,549.png,yaman
549,550.png,yaman
550,551.png,yaman
551,552.png,yaman
552,553.png,yaman
553,554.png,yaman
554,555.png,yaman
555,556.png,yaman
556,557.png,yaman
557,558.png,yaman
558,559.png,yaman
559,560.png,yaman
560,561.png,yaman
561,562.png,yaman
562,563.png,yaman
563,564.png,yaman
564,565.png,yaman
565,566.png,yaman
566,567.png,yaman
567,568.png,yaman
568,569.png,yaman
569,570.png,yaman
570,571.png,yaman
571,572.png,yaman
572,573.png,yaman
573,574.png,yaman
574,575.png,yaman
575,576.png,yaman
576,577.png,yaman
577,578.png,yaman
578,579.png,yaman
579,580.png,yaman
580,581.png,yaman
581,582.png,yaman
582,583.png,yaman
583,584.png,yaman
584,585.png,yaman
585,586.png,yaman
586,587.png,yaman
587,588.png,yaman
588,589.png,yaman
589,590.png,yaman
590,591.png,yaman
591,592.png,yaman
592,593.png,yaman
593,594.png,yaman
594,595.png,yaman
595,596.png,yaman
596,597.png,yaman
597,598.png,yaman
598,599.png,yaman
599,600.png,yaman
600,601.png,yaman
601,602.png,yaman
602,603.png,yaman
603,604.png,yaman
604,605.png,yaman
605,606.png,yaman
606,607.png,yaman
607,608.png,yaman
608,609.png,yaman
609,610.png,yaman
610,611.png,yaman
611,612.png,yaman
612,613.png,yaman
613,614.png,yaman
614,615.png,yaman
615,616.png,yaman
616,617.png,yaman
617,618.png,yaman
618,619.png,yaman
619,620.png,yaman
620,621.png,yaman
621,622.png,yaman
622,623.png,yaman
623,624.png,yaman
624,625.png,yaman
625,626.png,yaman
626,627.png,yaman
627,628.png,yaman
628,629.png,yaman
629,630.png,yaman
630,631.png,yaman
631,632.png,yaman
632,633.png,yaman
633,634.png,yaman
634,635.png,yaman
635,636.png,yaman
636,637.png,yaman
637,638.png,yaman
638,639.png,yaman
639,640.png,yaman
640,641.png,yaman
641,642.png,yaman
642,643.png,yaman
643,644.png,yaman
644,645.png,yaman
645,646.png,yaman
646,647.png,yaman
647,648.png,yaman
648,649.png,yaman
649,650.png,yaman
650,651.png,yaman
651,652.png,yaman
652,653.png,yaman
653,654.png,yaman
654,655.png,yaman
655,656.png,yaman
656,657.png,yaman
657,658.png,yaman
658,659.png,yaman
659,660.png,yaman
660,661.png,yaman
661,662.png,yaman
662,663.png,yaman
663,664.png,yaman
664,665.png,yaman
665,666.png,yaman
666,667.png,yaman
667,668.png,yaman
668,669.png,yaman
669,670.png,yaman
670,671.png,yaman
671,672.png,yaman
672,673.png,yaman
673,674.png,yaman
674,675.png,yaman
675,676.png,yaman
676,677.png,yaman
677,678.png,yaman
678,679.png,yaman
679,680.png,yaman
680,681.png,yaman
681,682.png,yaman
682,683.png,yaman
683,684.png,yaman
684,685.png,yaman
685,686.png,yaman
686,687.png,yaman
687,688.png,yaman
688,689.png,yaman
689,690.png,yaman
690,691.png,yaman
691,692.png,yaman
692,693.png,yaman
693,694.png,yaman
694,695.png,yaman
695,696.png,yaman
696,697.png,yaman
697,698.png,yaman
698,699.png,yaman
699,700.png,yaman
700,701.png,yaman
701,702.png,yaman
702,703.png,yaman
703,704.png,yaman
704,705.png,yaman
705,706.png,yaman
706,707.png,yaman
707,708.png,yaman
708,709.png,yaman
709,710.png,yaman
710,711.png,yaman
711,712.png,yaman
712,713.png,yaman
713,714.png,yaman
714,715.png,yaman
715,716.png,yaman
716,717.png,yaman
717,718.png,yaman
718,719.png,yaman
719,720.png,yaman
720,721.png,yaman
721,722.png,yaman
722,723.png,yaman
723,724.png,yaman
724,725.png,yaman
725,726.png,yaman
726,727.png,yaman
727,728.png,yaman
728,729.png,yaman
729,730.png,yaman
730,731.png,yaman
731,732.png,yaman
732,733.png,yaman
733,734.png,yaman
734,735.png,yaman
735,736.png,yaman
736,737.png,yaman
737,738.png,yaman
738,739.png,yaman
739,740.png,yaman
740,741.png,yaman
741,742.png,yaman
742,743.png,yaman
743,744.png,yaman
744,745.png,yaman
745,746.png,yaman
746,747.png,yaman
747,748.png,yaman
748,749.png,yaman
749,750.png,yaman
750,751.png,yaman
751,752.png,yaman
752,753.png,yaman
753,754.png,yaman
754,755.png,yaman
755,756.png,yaman
756,757.png,yaman
757,758.png,yaman
758,759.png,yaman
759,760.png,yaman
760,761.png,yaman
761,762.png,yaman
762,763.png,yaman
763,764.png,yaman
764,765.png,yaman
765,766.png,yaman
766,767.png,yaman
767,768.png,yaman
768,769.png,yaman
769,770.png,yaman
770,771.png,yaman
771,772.png,yaman
772,773.png,yaman
773,774.png,yaman
774,775.png,yaman
775,776.png,yaman
776,777.png,yaman
777,778.png,yaman
778,779.png,yaman
779,780.png,yaman
